{
  "cli": {
    "version": ">= 3.8.1"
  },
  "build": {
    "development": {
      "developmentClient": true,
      "distribution": "internal",
      "ios": {
        "resourceClass": "m-medium"
       
      }
    },
    
    "preview": {
      "distribution": "internal",
      "ios": {
        "resourceClass": "m-medium"
      }
    },
    "production": {
      "ios": {
        "resourceClass": "m-medium"
      }
    }
  },
  
  "submit": {
    "production": {
      "ios":{
        "appleId":"udst.urep1@gmail.com",
        "ascAppId":"6447015512",
        "appleTeamId":"4XLJ97337G"
    }
  }
  
}
}
